{"is_source_file": true, "format": "JavaScript Module (.mjs)", "description": "ESLint configuration file for the project, defining linting rules, parser options, global variables, and plugin integrations for JavaScript and React.", "external_files": ["@eslint/js", "eslint-plugin-react"], "external_methods": [], "published": ["default"], "classes": [], "methods": [{"name": "export default", "description": "Exports an array of ESLint configuration objects setting rules, parser options, globals, and plugins."}], "calls": [], "search-terms": ["eslint", "eslint-plugin-react", "eslint.config.mjs", "parserOptions", "globals", "rules", "pluginJs", "pluginReact", "jsx"], "state": 2, "file_id": 3, "knowledge_revision": 22, "git_revision": "636915e99b3b1dba3d8135c5eeebc652a6e2384e", "hash": "be6538e7523bc2e9da0743133d784136", "format-version": 4, "code-base-name": "notes_frontend", "filename": "notes_frontend/eslint.config.mjs", "revision_history": [{"22": "636915e99b3b1dba3d8135c5eeebc652a6e2384e"}]}