{"is_source_file": true, "format": "JavaScript (JSX)", "description": "The file is the entry point for a React application, responsible for initializing the app and rendering the root component into the DOM.", "external_files": ["./App", "./index.css"], "external_methods": ["ReactDOM.createRoot", "root.render"], "published": [], "classes": [], "methods": ["ReactDOM.createRoot", "root.render"], "calls": ["ReactDOM.createRoot", "root.render", "document.getElementById"], "search-terms": ["React", "ReactDOM", "index.js", "entry point", "render", "root element"], "state": 2, "file_id": 10, "knowledge_revision": 24, "git_revision": "636915e99b3b1dba3d8135c5eeebc652a6e2384e", "ctags": [{"_type": "tag", "name": "root", "path": "/home/kavia/workspace/code-generation/simple-notes-app-212597-212606/notes_frontend/src/index.js", "pattern": "/^const root = ReactDOM.createRoot(document.getElementById('root'));$/", "language": "JavaScript", "kind": "constant"}], "hash": "9fc5841375336fc175b49f8767a11383", "format-version": 4, "code-base-name": "notes_frontend", "filename": "notes_frontend/src/index.js", "revision_history": [{"24": "636915e99b3b1dba3d8135c5eeebc652a6e2384e"}]}