{"is_source_file": false, "format": "", "description": "", "external_files": [], "external_methods": [], "published": [], "classes": [], "methods": [], "calls": [], "search-terms": [], "state": 2, "file_id": 2, "knowledge_revision": 15, "git_revision": "636915e99b3b1dba3d8135c5eeebc652a6e2384e", "hash": "d001d53c059625c4bcf75bf5a7f3fcf0", "format-version": 4, "code-base-name": "notes_frontend", "filename": "notes_frontend/package.json", "revision_history": [{"15": "636915e99b3b1dba3d8135c5eeebc652a6e2384e"}]}