{"is_source_file": true, "format": "JavaScript", "description": "This file sets up custom matchers for testing DOM nodes using jest-dom, to be used in frontend testing with Jest.", "external_files": ["@testing-library/jest-dom"], "external_methods": [], "published": [], "classes": [], "methods": [], "calls": ["import '@testing-library/jest-dom'"], "search-terms": ["setupTests", "jest-dom", "testing library", "Jest matchers", "DOM assertions"], "state": 2, "file_id": 9, "knowledge_revision": 23, "git_revision": "636915e99b3b1dba3d8135c5eeebc652a6e2384e", "ctags": [], "hash": "1a77571e1a8cf36018a41bcedf60db75", "format-version": 4, "code-base-name": "notes_frontend", "filename": "notes_frontend/src/setupTests.js", "revision_history": [{"23": "636915e99b3b1dba3d8135c5eeebc652a6e2384e"}]}